Workbook
Name Slicer_Source___Medium: #N/A
Name Timeline_Date: #N/A
Name web_analytics: 'Web Analytic_Dataset'!$A$1:$U$247

Sheet Web Analytic_Dataset
A1: Source / Medium | B1: Year | C1: Date | D1: Month of the year | E1: Users | F1: New Users | G1: Returning Users | H1: Sessions | I1: Bounce Rate | J1: Pageviews | K1: Avg. Session Duration | L1: Avg PageViews/Session | M1: Conversion Rate (%) | N1: Transactions | O1: Revenue | P1: Quantity Sold | Q1: User Retention Rate % | R1: Revenue Per User | S1: Revenue Per Session | T1: Revenue Per Transactions | U1: Cost Per Conversion % | V1: Average Conversion Rate in 2020 | W1: Average Conversion rate 2019
A2: A | B2: 2019 | C2: =DATE(B2,D2,1) -> 43770 | D2: 11 | E2: 126870 | F2: 104020 | G2: =E2-F2 -> 22850 | H2: 194667 | I2: 0.7159 | J2: 455159 | K2: 0.00082175926 | L2: =J2/H2 -> 2.3381415 | M2: 0.2 | N2: 394 | O2: 83244 | P2: 482 | Q2: =(G2/E2)*100 -> 18.010562 | R2: =O2/E2 -> 0.6561362 | S2: =O2/H2 -> 0.42762256 | T2: =O2/N2 -> 211.27919 | U2: =1/M2 -> 5 | V2: =AVERAGEIF($B$2:$B$247,2020,$M$2:$M$247) -> 3.303121 | W2: =AVERAGEIF($B$2:$B$247,2019,$M$2:$M$247) -> 2.9876404
A3: A | B3: 2020 | C3: =DATE(B3,D3,1) -> 43952 | D3: 5 | E3: 120625 | F3: 98574 | G3: =E3-F3 -> 22051 | H3: 194114 | I3: 0.6456 | J3: 559509 | K3: 0.0010648148 | L3: =J3/H3 -> 2.8823732 | M3: 0.69 | N3: 1347 | O3: 203552 | P3: 2402 | Q3: =(G3/E3)*100 -> 18.280622 | R3: =O3/E3 -> 1.6874777 | S3: =O3/H3 -> 1.0486209 | T3: =O3/N3 -> 151.11507 | U3: =1/M3 -> 1.4492754
A4: A | B4: 2019 | C4: =DATE(B4,D4,1) -> 43739 | D4: 10 | E4: 123361 | F4: 104308 | G4: =E4-F4 -> 19053 | H4: 181175 | I4: 0.4191 | J4: 368907 | K4: 0.00075231481 | L4: =J4/H4 -> 2.0361915 | M4: 0.26 | N4: 477 | O4: 94282 | P4: 599 | Q4: =(G4/E4)*100 -> 15.444914 | R4: =O4/E4 -> 0.7642772 | S4: =O4/H4 -> 0.52039189 | T4: =O4/N4 -> 197.65618 | U4: =1/M4 -> 3.8461538
A5: A | B5: 2019 | C5: =DATE(B5,D5,1) -> 43709 | D5: 9 | E5: 106551 | F5: 88428 | G5: =E5-F5 -> 18123 | H5: 170329 | I5: 0.7592 | J5: 368803 | K5: 0.00070601852 | L5: =J5/H5 -> 2.165239 | M5: 0.18 | N5: 311 | O5: 54971 | P5: 415 | Q5: =(G5/E5)*100 -> 17.008756 | R5: =O5/E5 -> 0.51591257 | S5: =O5/H5 -> 0.32273424 | T5: =O5/N5 -> 176.75563 | U5: =1/M5 -> 5.5555556
A6: A | B6: 2020 | C6: =DATE(B6,D6,1) -> 43983 | D6: 6 | E6: 102123 | F6: 82461 | G6: =E6-F6 -> 19662 | H6: 163446 | I6: 0.671 | J6: 425410 | K6: 0.00092592593 | L6: =J6/H6 -> 2.6027557 | M6: 0.7 | N6: 1138 | O6: 167113 | P6: 1987 | Q6: =(G6/E6)*100 -> 19.253253 | R6: =O6/E6 -> 1.6363895 | S6: =O6/H6 -> 1.0224355 | T6: =O6/N6 -> 146.84798 | U6: =1/M6 -> 1.4285714
A7: A | B7: 2019 | C7: =DATE(B7,D7,1) -> 43800 | D7: 12 | E7: 91043 | F7: 70326 | G7: =E7-F7 -> 20717 | H7: 142637 | I7: 0.6706 | J7: 370798 | K7: 0.00092592593 | L7: =J7/H7 -> 2.599592 | M7: 0.34 | N7: 486 | O7: 103001 | P7: 607 | Q7: =(G7/E7)*100 -> 22.755182 | R7: =O7/E7 -> 1.1313445 | S7: =O7/H7 -> 0.72211979 | T7: =O7/N7 -> 211.93621 | U7: =1/M7 -> 2.9411765
A8: A | B8: 2020 | C8: =DATE(B8,D8,1) -> 43831 | D8: 1 | E8: 83031 | F8: 64103 | G8: =E8-F8 -> 18928 | H8: 133736 | I8: 0.6946 | J8: 373356 | K8: 0.00096064815 | L8: =J8/H8 -> 2.7917389 | M8: 0.45 | N8: 601 | O8: 128552 | P8: 777 | Q8: =(G8/E8)*100 -> 22.796305 | R8: =O8/E8 -> 1.548241 | S8: =O8/H8 -> 0.96123706 | T8: =O8/N8 -> 213.89684 | U8: =1/M8 -> 2.2222222
A9: A | B9: 2020 | C9: =DATE(B9,D9,1) -> 44013 | D9: 7 | E9: 84343 | F9: 73239 | G9: =E9-F9 -> 11104 | H9: 125423 | I9: 0.7116 | J9: 292263 | K9: 0.00083333333 | L9: =J9/H9 -> 2.3302185 | M9: 0.58 | N9: 730 | O9: 98161 | P9: 1360 | Q9: =(G9/E9)*100 -> 13.165289 | R9: =O9/E9 -> 1.163831 | S9: =O9/H9 -> 0.78263955 | T9: =O9/N9 -> 134.46712 | U9: =1/M9 -> 1.7241379
A10: A | B10: 2020 | C10: =DATE(B10,D10,1) -> 43862 | D10: 2 | E10: 82626 | F10: 68145 | G10: =E10-F10 -> 14481 | H10: 125318 | I10: 0.7006 | J10: 328822 | K10: 0.00097222222 | L10: =J10/H10 -> 2.6239008 | M10: 0.52 | N10: 657 | O10: 126137 | P10: 981 | Q10: =(G10/E10)*100 -> 17.52596 | R10: =O10/E10 -> 1.5266018 | S10: =O10/H10 -> 1.0065354 | T10: =O10/N10 -> 191.98935 | U10: =1/M10 -> 1.9230769
A11: A | B11: 2020 | C11: =DATE(B11,D11,1) -> 43891 | D11: 3 | E11: 73844 | F11: 61557 | G11: =E11-F11 -> 12287 | H11: 110546 | I11: 0.7219 | J11: 266187 | K11: 0.00086805556 | L11: =J11/H11 -> 2.4079297 | M11: 0.48 | N11: 531 | O11: 96195 | P11: 843 | Q11: =(G11/E11)*100 -> 16.639131 | R11: =O11/E11 -> 1.3026786 | S11: =O11/H11 -> 0.87018074 | T11: =O11/N11 -> 181.15819 | U11: =1/M11 -> 2.0833333
A12: B | B12: 2019 | C12: =DATE(B12,D12,1) -> 43800 | D12: 12 | E12: 88579 | F12: 75361 | G12: =E12-F12 -> 13218 | H12: 106966 | I12: 0.562 | J12: 333480 | K12: 0.0013310185 | L12: =J12/H12 -> 3.1176262 | M12: 0.21 | N12: 225 | O12: 47724 | P12: 317 | Q12: =(G12/E12)*100 -> 14.922273 | R12: =O12/E12 -> 0.5387733 | S12: =O12/H12 -> 0.44616046 | T12: =O12/N12 -> 212.10667 | U12: =1/M12 -> 4.7619048
A13: A | B13: 2020 | C13: =DATE(B13,D13,1) -> 43922 | D13: 4 | E13: 73349 | F13: 62794 | G13: =E13-F13 -> 10555 | H13: 104146 | I13: 0.6712 | J13: 288195 | K13: 0.0009837963 | L13: =J13/H13 -> 2.767221 | M13: 0.6 | N13: 622 | O13: 95367 | P13: 1150 | Q13: =(G13/E13)*100 -> 14.390108 | R13: =O13/E13 -> 1.3001813 | S13: =O13/H13 -> 0.91570488 | T13: =O13/N13 -> 153.32315 | U13: =1/M13 -> 1.6666667
A14: C | B14: 2020 | C14: =DATE(B14,D14,1) -> 43952 | D14: 5 | E14: 68869 | F14: 55769 | G14: =E14-F14 -> 13100 | H14: 99838 | I14: 0.5098 | J14: 325311 | K14: 0.0011342593 | L14: =J14/H14 -> 3.2583886 | M14: 0.47 | N14: 471 | O14: 58744 | P14: 819 | Q14: =(G14/E14)*100 -> 19.021621 | R14: =O14/E14 -> 0.85298175 | S14: =O14/H14 -> 0.5883932 | T14: =O14/N14 -> 124.72187 | U14: =1/M14 -> 2.1276596
... A75: M | B75: 2019 | C75: =DATE(B75,D75,1) -> 43709 | D75: 9 | E75: 3504 | F75: 2184 | G75: =E75-F75 -> 1320 | H75: 4882 | I75: 0.5647 | J75: 16125 | K75: 0.0013773148 | L75: =J75/H75 -> 3.3029496 | M75: 0.2 | N75: 10 | O75: 1576 | P75: 17 | Q75: =(G75/E75)*100 -> 37.671233 | R75: =O75/E75 -> 0.44977169 | S75: =O75/H75 -> 0.32281852 | T75: =O75/N75 -> 157.6 | U75: =1/M75 -> 5
A76: N | B76: 2020 | C76: =DATE(B76,D76,1) -> 43952 | D76: 5 | E76: 4224 | F76: 4151 | G76: =E76-F76 -> 73 | H76: 4822 | I76: 0.8281 | J76: 7727 | K76: 0.00048611111 | L76: =J76/H76 -> 1.6024471 | M76: 0 | N76: 0 | O76: 0 | P76: 0 | Q76: =(G76/E76)*100 -> 1.7282197 | R76: =O76/E76 -> 0 | S76: =O76/H76 -> 0 | T76: =O76/N76 -> #DIV/0! | U76: =1/M76 -> #DIV/0! | V76: =SUMIF(B76:B321,2019,F76:F321) -> 27099 | W76: =AVERAGEIF($B$2:$B$247,2019,$M$2:$M$247) -> 2.9876404
A77: M | B77: 2019 | C77: =DATE(B77,D77,1) -> 43739 | D77: 10 | E77: 2824 | F77: 1701 | G77: =E77-F77 -> 1123 | H77: 4150 | I77: 0.2976 | J77: 15145 | K77: 0.0015509259 | L77: =J77/H77 -> 3.6493976 | M77: 0.14 | N77: 6 | O77: 1217 | P77: 14 | Q77: =(G77/E77)*100 -> 39.766289 | R77: =O77/E77 -> 0.43094901 | S77: =O77/H77 -> 0.29325301 | T77: =O77/N77 -> 202.83333 | U77: =1/M77 -> 7.1428571
A78: L | B78: 2019 | C78: =DATE(B78,D78,1) -> 43770 | D78: 11 | E78: 1830 | F78: 31 | G78: =E78-F78 -> 1799 | H78: 4060 | I78: 0.7916 | J78: 8122 | K78: 0.00085648148 | L78: =J78/H78 -> 2.0004926 | M78: 0.12 | N78: 5 | O78: 623 | P78: 9 | Q78: =(G78/E78)*100 -> 98.306011 | R78: =O78/E78 -> 0.34043716 | S78: =O78/H78 -> 0.15344828 | T78: =O78/N78 -> 124.6 | U78: =1/M78 -> 8.3333333
A79: L | B79: 2019 | C79: =DATE(B79,D79,1) -> 43800 | D79: 12 | E79: 1890 | F79: 18 | G79: =E79-F79 -> 1872 | H79: 4033 | I79: 0.7295 | J79: 10040 | K79: 0.0014236111 | L79: =J79/H79 -> 2.4894619 | M79: 0.17 | N79: 7 | O79: 1320 | P79: 12 | Q79: =(G79/E79)*100 -> 99.047619 | R79: =O79/E79 -> 0.6984127 | S79: =O79/H79 -> 0.32729978 | T79: =O79/N79 -> 188.57143 | U79: =1/M79 -> 5.8823529
A80: K | B80: 2019 | C80: =DATE(B80,D80,1) -> 43709 | D80: 9 | E80: 3345 | F80: 3031 | G80: =E80-F80 -> 314 | H80: 3721 | I80: 0.5028 | J80: 11704 | K80: 0.00087962963 | L80: =J80/H80 -> 3.145391 | M80: 0 | N80: 0 | O80: 0 | P80: 0 | Q80: =(G80/E80)*100 -> 9.387145 | R80: =O80/E80 -> 0 | S80: =O80/H80 -> 0 | T80: =O80/N80 -> #DIV/0! | U80: =1/M80 -> #DIV/0! | V80: =SUMIF(B80:B325,2019,F80:F325) -> 25349 | W80: =AVERAGEIF($B$2:$B$247,2019,$M$2:$M$247) -> 2.9876404
A81: O | B81: 2020 | C81: =DATE(B81,D81,1) -> 43983 | D81: 6 | E81: 1422 | F81: 20 | G81: =E81-F81 -> 1402 | H81: 3714 | I81: 0.7571 | J81: 7597 | K81: 0.0010763889 | L81: =J81/H81 -> 2.0455035 | M81: 0.03 | N81: 1 | O81: 111 | P81: 5 | Q81: =(G81/E81)*100 -> 98.59353 | R81: =O81/E81 -> 0.078059072 | S81: =O81/H81 -> 0.029886914 | T81: =O81/N81 -> 111 | U81: =1/M81 -> 33.333333
A82: L | B82: 2019 | C82: =DATE(B82,D82,1) -> 43739 | D82: 10 | E82: 1528 | F82: 11 | G82: =E82-F82 -> 1517 | H82: 3703 | I82: 0.5514 | J82: 7678 | K82: 0.00087962963 | L82: =J82/H82 -> 2.073454 | M82: 0 | N82: 0 | O82: 0 | P82: 0 | Q82: =(G82/E82)*100 -> 99.280105 | R82: =O82/E82 -> 0 | S82: =O82/H82 -> 0 | T82: =O82/N82 -> #DIV/0! | U82: =1/M82 -> #DIV/0! | V82: =SUMIF(B82:B327,2019,F82:F327) -> 22318 | W82: =AVERAGEIF($B$2:$B$247,2019,$M$2:$M$247) -> 2.9876404
A83: O | B83: 2020 | C83: =DATE(B83,D83,1) -> 43952 | D83: 5 | E83: 1491 | F83: 13 | G83: =E83-F83 -> 1478 | H83: 3595 | I83: 0.7093 | J83: 9164 | K83: 0.0013425926 | L83: =J83/H83 -> 2.549096 | M83: 0.14 | N83: 5 | O83: 1139 | P83: 14 | Q83: =(G83/E83)*100 -> 99.128102 | R83: =O83/E83 -> 0.76391683 | S83: =O83/H83 -> 0.31682893 | T83: =O83/N83 -> 227.8 | U83: =1/M83 -> 7.1428571
A84: P | B84: 2020 | C84: =DATE(B84,D84,1) -> 43983 | D84: 6 | E84: 3114 | F84: 2655 | G84: =E84-F84 -> 459 | H84: 3457 | I84: 0.6312 | J84: 8551 | K84: 0.0011805556 | L84: =J84/H84 -> 2.473532 | M84: 0.58 | N84: 20 | O84: 2666 | P84: 26 | Q84: =(G84/E84)*100 -> 14.739884 | R84: =O84/E84 -> 0.85613359 | S84: =O84/H84 -> 0.77118889 | T84: =O84/N84 -> 133.3 | U84: =1/M84 -> 1.7241379
A85: P | B85: 2020 | C85: =DATE(B85,D85,1) -> 44013 | D85: 7 | E85: 2997 | F85: 2602 | G85: =E85-F85 -> 395 | H85: 3368 | I85: 0.6434 | J85: 7758 | K85: 0.001087963 | L85: =J85/H85 -> 2.3034442 | M85: 0.24 | N85: 8 | O85: 1059 | P85: 10 | Q85: =(G85/E85)*100 -> 13.179847 | R85: =O85/E85 -> 0.35335335 | S85: =O85/H85 -> 0.31442993 | T85: =O85/N85 -> 132.375 | U85: =1/M85 -> 4.1666667
A86: M | B86: 2019 | C86: =DATE(B86,D86,1) -> 43770 | D86: 11 | E86: 2251 | F86: 1262 | G86: =E86-F86 -> 989 | H86: 3265 | I86: 0.5023 | J86: 12367 | K86: 0.001712963 | L86: =J86/H86 -> 3.7877489 | M86: 0.12 | N86: 4 | O86: 644 | P86: 8 | Q86: =(G86/E86)*100 -> 43.936028 | R86: =O86/E86 -> 0.28609507 | S86: =O86/H86 -> 0.19724349 | T86: =O86/N86 -> 161 | U86: =1/M86 -> 8.3333333
A87: P | B87: 2020 | C87: =DATE(B87,D87,1) -> 43952 | D87: 5 | E87: 2773 | F87: 2289 | G87: =E87-F87 -> 484 | H87: 3189 | I87: 0.6394 | J87: 8462 | K87: 0.0013888889 | L87: =J87/H87 -> 2.6534964 | M87: 0.44 | N87: 14 | O87: 2382 | P87: 28 | Q87: =(G87/E87)*100 -> 17.454021 | R87: =O87/E87 -> 0.85899748 | S87: =O87/H87 -> 0.74694262 | T87: =O87/N87 -> 170.14286 | U87: =1/M87 -> 2.2727273
A88: C | B88: 2019 | C88: =DATE(B88,D88,1) -> 43709 | D88: 9 | E88: 2805 | F88: 2243 | G88: =E88-F88 -> 562 | H88: 3121 | I88: 0.4998 | J88: 11136 | K88: 0.0012152778 | L88: =J88/H88 -> 3.5680872 | M88: 0.13 | N88: 4 | O88: 1132 | P88: 9 | Q88: =(G88/E88)*100 -> 20.035651 | R88: =O88/E88 -> 0.40356506 | S88: =O88/H88 -> 0.36270426 | T88: =O88/N88 -> 283 | U88: =1/M88 -> 7.6923077
A89: P | B89: 2020 | C89: =DATE(B89,D89,1) -> 43831 | D89: 1 | E89: 2688 | F89: 2089 | G89: =E89-F89 -> 599 | H89: 2978 | I89: 0.7398 | J89: 5905 | K89: 0.0009375 | L89: =J89/H89 -> 1.9828744 | M89: 0.34 | N89: 10 | O89: 2262 | P89: 22 | Q89: =(G89/E89)*100 -> 22.284226 | R89: =O89/E89 -> 0.84151786 | S89: =O89/H89 -> 0.75957018 | T89: =O89/N89 -> 226.2 | U89: =1/M89 -> 2.9411765
A90: R | B90: 2019 | C90: =DATE(B90,D90,1) -> 43739 | D90: 10 | E90: 2033 | F90: 1523 | G90: =E90-F90 -> 510 | H90: 2840 | I90: 0.3711 | J90: 11116 | K90: 0.0020138889 | L90: =J90/H90 -> 3.9140845 | M90: 0.25 | N90: 7 | O90: 1280 | P90: 12 | Q90: =(G90/E90)*100 -> 25.08608 | R90: =O90/E90 -> 0.62961141 | S90: =O90/H90 -> 0.45070423 | T90: =O90/N90 -> 182.85714 | U90: =1/M90 -> 4
A91: I | B91: 2020 | C91: =DATE(B91,D91,1) -> 43922 | D91: 4 | E91: 2537 | F91: 1834 | G91: =E91-F91 -> 703 | H91: 2797 | I91: 0.5981 | J91: 12348 | K91: 0.0017013889 | L91: =J91/H91 -> 4.4147301 | M91: 1.32 | N91: 37 | O91: 4221 | P91: 56 | Q91: =(G91/E91)*100 -> 27.709894 | R91: =O91/E91 -> 1.6637761 | S91: =O91/H91 -> 1.5091169 | T91: =O91/N91 -> 114.08108 | U91: =1/M91 -> 0.75757576
A92: R | B92: 2019 | C92: =DATE(B92,D92,1) -> 43800 | D92: 12 | E92: 2045 | F92: 1495 | G92: =E92-F92 -> 550 | H92: 2777 | I92: 0.5124 | J92: 10627 | K92: 0.0015509259 | L92: =J92/H92 -> 3.8267915 | M92: 0.11 | N92: 3 | O92: 333 | P92: 5 | Q92: =(G92/E92)*100 -> 26.894866 | R92: =O92/E92 -> 0.16283619 | S92: =O92/H92 -> 0.11991358 | T92: =O92/N92 -> 111 | U92: =1/M92 -> 9.0909091
A93: M | B93: 2019 | C93: =DATE(B93,D93,1) -> 43800 | D93: 12 | E93: 2202 | F93: 1439 | G93: =E93-F93 -> 763 | H93: 2714 | I93: 0.5247 | J93: 8588 | K93: 0.001412037 | L93: =J93/H93 -> 3.1643331 | M93: 0.26 | N93: 7 | O93: 1242 | P93: 12 | Q93: =(G93/E93)*100 -> 34.650318 | R93: =O93/E93 -> 0.5640327 | S93: =O93/H93 -> 0.45762712 | T93: =O93/N93 -> 177.42857 | U93: =1/M93 -> 3.8461538
A94: P | B94: 2020 | C94: =DATE(B94,D94,1) -> 43862 | D94: 2 | E94: 2355 | F94: 1800 | G94: =E94-F94 -> 555 | H94: 2637 | I94: 0.73 | J94: 5229 | K94: 0.00094907407 | L94: =J94/H94 -> 1.9829352 | M94: 0.42 | N94: 11 | O94: 1863 | P94: 17 | Q94: =(G94/E94)*100 -> 23.566879 | R94: =O94/E94 -> 0.7910828 | S94: =O94/H94 -> 0.70648464 | T94: =O94/N94 -> 169.36364 | U94: =1/M94 -> 2.3809524
... A98: O | B98: 2020 | C98: =DATE(B98,D98,1) -> 44013 | D98: 7 | E98: 946 | F98: 20 | G98: =E98-F98 -> 926 | H98: 2424 | I98: 0.7459 | J98: 5082 | K98: 0.0012152778 | L98: =J98/H98 -> 2.0965347 | M98: 0.12 | N98: 3 | O98: 277 | P98: 7 | Q98: =(G98/E98)*100 -> 97.885835 | R98: =O98/E98 -> 0.29281184 | S98: =O98/H98 -> 0.11427393 | T98: =O98/N98 -> 92.333333 | U98: =1/M98 -> 8.3333333
A99: D | B99: 2020 | C99: =DATE(B99,D99,1) -> 43922 | D99: 4 | E99: 1965 | F99: 1886 | G99: =E99-F99 -> 79 | H99: 2317 | I99: 0.8325 | J99: 3173 | K99: 0.00046296296 | L99: =J99/H99 -> 1.3694432 | M99: 0 | N99: 0 | O99: 0 | P99: 0 | Q99: =(G99/E99)*100 -> 4.0203562 | R99: =O99/E99 -> 0 | S99: =O99/H99 -> 0 | T99: =O99/N99 -> #DIV/0! | U99: =1/M99 -> #DIV/0! | V99: =SUMIF(B99:B344,2019,F99:F344) -> 14345 | W99: =AVERAGEIF($B$2:$B$247,2019,$M$2:$M$247) -> 2.9876404
A100: R | B100: 2020 | C100: =DATE(B100,D100,1) -> 43862 | D100: 2 | E100: 1682 | F100: 1212 | G100: =E100-F100 -> 470 | H100: 2274 | I100: 0.4982 | J100: 9928 | K100: 0.0025347222 | L100: =J100/H100 -> 4.3658751 | M100: 0.48 | N100: 11 | O100: 2198 | P100: 23 | Q100: =(G100/E100)*100 -> 27.942925 | R100: =O100/E100 -> 1.3067776 | S100: =O100/H100 -> 0.96657872 | T100: =O100/N100 -> 199.81818 | U100: =1/M100 -> 2.0833333
A101: N | B101: 2020 | C101: =DATE(B101,D101,1) -> 43922 | D101: 4 | E101: 2091 | F101: 2072 | G101: =E101-F101 -> 19 | H101: 2235 | I101: 0.8568 | J101: 3321 | K101: 0.00030092593 | L101: =J101/H101 -> 1.485906 | M101: 0 | N101: 0 | O101: 0 | P101: 0 | Q101: =(G101/E101)*100 -> 0.90865615 | R101: =O101/E101 -> 0 | S101: =O101/H101 -> 0 | T101: =O101/N101 -> #DIV/0! | U101: =1/M101 -> #DIV/0! | V101: =SUMIF(B101:B346,2019,F101:F346) -> 14345 | W101: =AVERAGEIF($B$2:$B$247,2019,$M$2:$M$247) -> 2.9876404
A102: P | B102: 2019 | C102: =DATE(B102,D102,1) -> 43800 | D102: 12 | E102: 1944 | F102: 1528 | G102: =E102-F102 -> 416 | H102: 2164 | I102: 0.7089 | J102: 4480 | K102: 0.00086805556 | L102: =J102/H102 -> 2.0702403 | M102: 0.23 | N102: 5 | O102: 644 | P102: 5 | Q102: =(G102/E102)*100 -> 21.399177 | R102: =O102/E102 -> 0.33127572 | S102: =O102/H102 -> 0.29759704 | T102: =O102/N102 -> 128.8 | U102: =1/M102 -> 4.3478261
A103: M | B103: 2020 | C103: =DATE(B103,D103,1) -> 43952 | D103: 5 | E103: 1724 | F103: 1011 | G103: =E103-F103 -> 713 | H103: 2089 | I103: 0.5615 | J103: 8703 | K103: 0.0019212963 | L103: =J103/H103 -> 4.1661082 | M103: 1.29 | N103: 27 | O103: 3759 | P103: 43 | Q103: =(G103/E103)*100 -> 41.357309 | R103: =O103/E103 -> 2.1803944 | S103: =O103/H103 -> 1.7994256 | T103: =O103/N103 -> 139.22222 | U103: =1/M103 -> 0.7751938
A104: M | B104: 2020 | C104: =DATE(B104,D104,1) -> 43983 | D104: 6 | E104: 1801 | F104: 1072 | G104: =E104-F104 -> 729 | H104: 2065 | I104: 0.4571 | J104: 10277 | K104: 0.002025463 | L104: =J104/H104 -> 4.9767554 | M104: 2.76 | N104: 57 | O104: 7728 | P104: 117 | Q104: =(G104/E104)*100 -> 40.477512 | R104: =O104/E104 -> 4.2909495 | S104: =O104/H104 -> 3.7423729 | T104: =O104/N104 -> 135.57895 | U104: =1/M104 -> 0.36231884
A105: S | B105: 2020 | C105: =DATE(B105,D105,1) -> 43922 | D105: 4 | E105: 991 | F105: 595 | G105: =E105-F105 -> 396 | H105: 2012 | I105: 0.1759 | J105: 6184 | K105: 0.0031828704 | L105: =J105/H105 -> 3.0735586 | M105: 36.18 | N105: 728 | O105: 112265 | P105: 1504 | Q105: =(G105/E105)*100 -> 39.959637 | R105: =O105/E105 -> 113.28456 | S105: =O105/H105 -> 55.797714 | T105: =O105/N105 -> 154.21016 | U105: =1/M105 -> 0.02763958
A106: P | B106: 2020 | C106: =DATE(B106,D106,1) -> 43891 | D106: 3 | E106: 1567 | F106: 1183 | G106: =E106-F106 -> 384 | H106: 1795 | I106: 0.7131 | J106: 3616 | K106: 0.0010416667 | L106: =J106/H106 -> 2.0144847 | M106: 0.39 | N106: 7 | O106: 1331 | P106: 7 | Q106: =(G106/E106)*100 -> 24.505424 | R106: =O106/E106 -> 0.84939375 | S106: =O106/H106 -> 0.74150418 | T106: =O106/N106 -> 190.14286 | U106: =1/M106 -> 2.5641026
A107: J | B107: 2020 | C107: =DATE(B107,D107,1) -> 44044 | D107: 8 | E107: 1698 | F107: 1423 | G107: =E107-F107 -> 275 | H107: 1774 | I107: 0.5896 | J107: 4714 | K107: 0.00084490741 | L107: =J107/H107 -> 2.6572717 | M107: 0.23 | N107: 4 | O107: 489 | P107: 5 | Q107: =(G107/E107)*100 -> 16.195524 | R107: =O107/E107 -> 0.28798587 | S107: =O107/H107 -> 0.27564825 | T107: =O107/N107 -> 122.25 | U107: =1/M107 -> 4.3478261
A108: D | B108: 2020 | C108: =DATE(B108,D108,1) -> 44044 | D108: 8 | E108: 698 | F108: 414 | G108: =E108-F108 -> 284 | H108: 1693 | I108: 0.8771 | J108: 1988 | K108: 0.00075231481 | L108: =J108/H108 -> 1.1742469 | M108: 0 | N108: 0 | O108: 0 | P108: 0 | Q108: =(G108/E108)*100 -> 40.687679 | R108: =O108/E108 -> 0 | S108: =O108/H108 -> 0 | T108: =O108/N108 -> #DIV/0! | U108: =1/M108 -> #DIV/0! | V108: =SUMIF(B108:B353,2019,F108:F353) -> 12817 | W108: =AVERAGEIF($B$2:$B$247,2019,$M$2:$M$247) -> 2.9876404
A109: R | B109: 2019 | C109: =DATE(B109,D109,1) -> 43770 | D109: 11 | E109: 1282 | F109: 838 | G109: =E109-F109 -> 444 | H109: 1683 | I109: 0.5027 | J109: 7043 | K109: 0.0019212963 | L109: =J109/H109 -> 4.1847891 | M109: 0.12 | N109: 2 | O109: 697 | P109: 4 | Q109: =(G109/E109)*100 -> 34.633385 | R109: =O109/E109 -> 0.54368175 | S109: =O109/H109 -> 0.41414141 | T109: =O109/N109 -> 348.5 | U109: =1/M109 -> 8.3333333
A110: T | B110: 2020 | C110: =DATE(B110,D110,1) -> 43983 | D110: 6 | E110: 888 | F110: 472 | G110: =E110-F110 -> 416 | H110: 1633 | I110: 0.357 | J110: 9451 | K110: 0.0034027778 | L110: =J110/H110 -> 5.7875077 | M110: 0.86 | N110: 14 | O110: 1758 | P110: 25 | Q110: =(G110/E110)*100 -> 46.846847 | R110: =O110/E110 -> 1.9797297 | S110: =O110/H110 -> 1.0765462 | T110: =O110/N110 -> 125.57143 | U110: =1/M110 -> 1.1627907
A111: T | B111: 2020 | C111: =DATE(B111,D111,1) -> 44013 | D111: 7 | E111: 865 | F111: 493 | G111: =E111-F111 -> 372 | H111: 1628 | I111: 0.4079 | J111: 8510 | K111: 0.0033217593 | L111: =J111/H111 -> 5.2272727 | M111: 0.61 | N111: 10 | O111: 1416 | P111: 23 | Q111: =(G111/E111)*100 -> 43.00578 | R111: =O111/E111 -> 1.6369942 | S111: =O111/H111 -> 0.86977887 | T111: =O111/N111 -> 141.6 | U111: =1/M111 -> 1.6393443
A112: P | B112: 2020 | C112: =DATE(B112,D112,1) -> 43922 | D112: 4 | E112: 1407 | F112: 1121 | G112: =E112-F112 -> 286 | H112: 1589 | I112: 0.6514 | J112: 4272 | K112: 0.0014467593 | L112: =J112/H112 -> 2.6884833 | M112: 0.63 | N112: 10 | O112: 1434 | P112: 16 | Q112: =(G112/E112)*100 -> 20.326937 | R112: =O112/E112 -> 1.0191898 | S112: =O112/H112 -> 0.90245437 | T112: =O112/N112 -> 143.4 | U112: =1/M112 -> 1.5873016
A113: S | B113: 2020 | C113: =DATE(B113,D113,1) -> 43983 | D113: 6 | E113: 836 | F113: 436 | G113: =E113-F113 -> 400 | H113: 1466 | I113: 0.1801 | J113: 4785 | K113: 0.0033680556 | L113: =J113/H113 -> 3.2639836 | M113: 38.61 | N113: 566 | O113: 103253 | P113: 1430 | Q113: =(G113/E113)*100 -> 47.84689 | R113: =O113/E113 -> 123.50837 | S113: =O113/H113 -> 70.431787 | T113: =O113/N113 -> 182.4258 | U113: =1/M113 -> 0.025900026
A114: P | B114: 2019 | C114: =DATE(B114,D114,1) -> 43709 | D114: 9 | E114: 1332 | F114: 994 | G114: =E114-F114 -> 338 | H114: 1465 | I114: 0.6765 | J114: 3204 | K114: 0.0011226852 | L114: =J114/H114 -> 2.1870307 | M114: 0.27 | N114: 4 | O114: 793 | P114: 6 | Q114: =(G114/E114)*100 -> 25.375375 | R114: =O114/E114 -> 0.59534535 | S114: =O114/H114 -> 0.54129693 | T114: =O114/N114 -> 198.25 | U114: =1/M114 -> 3.7037037
A115: P | B115: 2020 | C115: =DATE(B115,D115,1) -> 44044 | D115: 8 | E115: 1323 | F115: 1100 | G115: =E115-F115 -> 223 | H115: 1463 | I115: 0.6036 | J115: 3756 | K115: 0.0014351852 | L115: =J115/H115 -> 2.5673274 | M115: 0.62 | N115: 9 | O115: 1706 | P115: 11 | Q115: =(G115/E115)*100 -> 16.855631 | R115: =O115/E115 -> 1.2894936 | S115: =O115/H115 -> 1.1660971 | T115: =O115/N115 -> 189.55556 | U115: =1/M115 -> 1.6129032
A116: T | B116: 2020 | C116: =DATE(B116,D116,1) -> 43952 | D116: 5 | E116: 901 | F116: 558 | G116: =E116-F116 -> 343 | H116: 1443 | I116: 0.3805 | J116: 7391 | K116: 0.0027430556 | L116: =J116/H116 -> 5.1219681 | M116: 0.69 | N116: 10 | O116: 1129 | P116: 16 | Q116: =(G116/E116)*100 -> 38.068812 | R116: =O116/E116 -> 1.2530522 | S116: =O116/H116 -> 0.78239778 | T116: =O116/N116 -> 112.9 | U116: =1/M116 -> 1.4492754
A117: R | B117: 2019 | C117: =DATE(B117,D117,1) -> 43709 | D117: 9 | E117: 1070 | F117: 776 | G117: =E117-F117 -> 294 | H117: 1420 | I117: 0.4556 | J117: 7522 | K117: 0.002962963 | L117: =J117/H117 -> 5.2971831 | M117: 0.28 | N117: 4 | O117: 659 | P117: 8 | Q117: =(G117/E117)*100 -> 27.476636 | R117: =O117/E117 -> 0.61588785 | S117: =O117/H117 -> 0.46408451 | T117: =O117/N117 -> 164.75 | U117: =1/M117 -> 3.5714286
A118: L | B118: 2020 | C118: =DATE(B118,D118,1) -> 43891 | D118: 3 | E118: 618 | F118: 4 | G118: =E118-F118 -> 614 | H118: 1417 | I118: 0.8052 | J118: 2432 | K118: 0.00075231481 | L118: =J118/H118 -> 1.716302 | M118: 0.14 | N118: 2 | O118: 301 | P118: 5 | Q118: =(G118/E118)*100 -> 99.352751 | R118: =O118/E118 -> 0.48705502 | S118: =O118/H118 -> 0.21242061 | T118: =O118/N118 -> 150.5 | U118: =1/M118 -> 7.1428571
A119: R | B119: 2020 | C119: =DATE(B119,D119,1) -> 43891 | D119: 3 | E119: 1043 | F119: 735 | G119: =E119-F119 -> 308 | H119: 1413 | I119: 0.4791 | J119: 6289 | K119: 0.0030902778 | L119: =J119/H119 -> 4.4508139 | M119: 1.13 | N119: 16 | O119: 1598 | P119: 27 | Q119: =(G119/E119)*100 -> 29.530201 | R119: =O119/E119 -> 1.5321189 | S119: =O119/H119 -> 1.1309271 | T119: =O119/N119 -> 99.875 | U119: =1/M119 -> 0.88495575
A120: I | B120: 2020 | C120: =DATE(B120,D120,1) -> 43891 | D120: 3 | E120: 1195 | F120: 735 | G120: =E120-F120 -> 460 | H120: 1385 | I120: 0.5386 | J120: 6808 | K120: 0.0020023148 | L120: =J120/H120 -> 4.9155235 | M120: 1.88 | N120: 26 | O120: 4120 | P120: 52 | Q120: =(G120/E120)*100 -> 38.493724 | R120: =O120/E120 -> 3.4476987 | S120: =O120/H120 -> 2.9747292 | T120: =O120/N120 -> 158.46154 | U120: =1/M120 -> 0.53191489
A121: U | B121: 2020 | C121: =DATE(B121,D121,1) -> 43983 | D121: 6 | E121: 477 | F121: 193 | G121: =E121-F121 -> 284 | H121: 1344 | I121: 0.4717 | J121: 2716 | K121: 0.0016203704 | L121: =J121/H121 -> 2.0208333 | M121: 17.11 | N121: 230 | O121: 48328 | P121: 532 | Q121: =(G121/E121)*100 -> 59.538784 | R121: =O121/E121 -> 101.31656 | S121: =O121/H121 -> 35.958333 | T121: =O121/N121 -> 210.12174 | U121: =1/M121 -> 0.058445354
A122: O | B122: 2020 | C122: =DATE(B122,D122,1) -> 44044 | D122: 8 | E122: 559 | F122: 14 | G122: =E122-F122 -> 545 | H122: 1149 | I122: 0.7711 | J122: 2208 | K122: 0.0012962963 | L122: =J122/H122 -> 1.921671 | M122: 0 | N122: 0 | O122: 0 | P122: 0 | Q122: =(G122/E122)*100 -> 97.495528 | R122: =O122/E122 -> 0 | S122: =O122/H122 -> 0 | T122: =O122/N122 -> #DIV/0! | U122: =1/M122 -> #DIV/0! | V122: =SUMIF(B122:B367,2019,F122:F367) -> 10209 | W122: =AVERAGEIF($B$2:$B$247,2019,$M$2:$M$247) -> 2.9876404
A123: S | B123: 2020 | C123: =DATE(B123,D123,1) -> 43891 | D123: 3 | E123: 524 | F123: 282 | G123: =E123-F123 -> 242 | H123: 1146 | I123: 0.2539 | J123: 2680 | K123: 0.0027199074 | L123: =J123/H123 -> 2.3385689 | M123: 31.76 | N123: 364 | O123: 58819 | P123: 739 | Q123: =(G123/E123)*100 -> 46.183206 | R123: =O123/E123 -> 112.25 | S123: =O123/H123 -> 51.32548 | T123: =O123/N123 -> 161.59066 | U123: =1/M123 -> 0.031486146
A124: l.M | B124: 2019 | C124: =DATE(B124,D124,1) -> 43739 | D124: 10 | E124: 773 | F124: 417 | G124: =E124-F124 -> 356 | H124: 1130 | I124: 0.2708 | J124: 5233 | K124: 0.0020138889 | L124: =J124/H124 -> 4.6309735 | M124: 0 | N124: 0 | O124: 0 | P124: 0 | Q124: =(G124/E124)*100 -> 46.054334 | R124: =O124/E124 -> 0 | S124: =O124/H124 -> 0 | T124: =O124/N124 -> #DIV/0! | U124: =1/M124 -> #DIV/0! | V124: =SUMIF(B124:B369,2019,F124:F369) -> 10209 | W124: =AVERAGEIF($B$2:$B$247,2019,$M$2:$M$247) -> 2.9876404
A125: M | B125: 2020 | C125: =DATE(B125,D125,1) -> 44013 | D125: 7 | E125: 932 | F125: 597 | G125: =E125-F125 -> 335 | H125: 1100 | I125: 0.4609 | J125: 5477 | K125: 0.0023032407 | L125: =J125/H125 -> 4.9790909 | M125: 3.73 | N125: 41 | O125: 5550 | P125: 72 | Q125: =(G125/E125)*100 -> 35.944206 | R125: =O125/E125 -> 5.9549356 | S125: =O125/H125 -> 5.0454545 | T125: =O125/N125 -> 135.36585 | U125: =1/M125 -> 0.26809651
A126: U | B126: 2020 | C126: =DATE(B126,D126,1) -> 43952 | D126: 5 | E126: 483 | F126: 237 | G126: =E126-F126 -> 246 | H126: 1094 | I126: 0.2925 | J126: 2474 | K126: 0.0020949074 | L126: =J126/H126 -> 2.261426 | M126: 24.59 | N126: 269 | O126: 51587 | P126: 612 | Q126: =(G126/E126)*100 -> 50.931677 | R126: =O126/E126 -> 106.80538 | S126: =O126/H126 -> 47.154479 | T126: =O126/N126 -> 191.77323 | U126: =1/M126 -> 0.040666938
A127: P | B127: 2019 | C127: =DATE(B127,D127,1) -> 43739 | D127: 10 | E127: 977 | F127: 754 | G127: =E127-F127 -> 223 | H127: 1082 | I127: 0.0555 | J127: 2142 | K127: 0.0012384259 | L127: =J127/H127 -> 1.9796673 | M127: 0.18 | N127: 2 | O127: 340 | P127: 2 | Q127: =(G127/E127)*100 -> 22.824974 | R127: =O127/E127 -> 0.34800409 | S127: =O127/H127 -> 0.3142329 | T127: =O127/N127 -> 170 | U127: =1/M127 -> 5.5555556
A128: T | B128: 2020 | C128: =DATE(B128,D128,1) -> 44044 | D128: 8 | E128: 703 | F128: 381 | G128: =E128-F128 -> 322 | H128: 1050 | I128: 0.44 | J128: 4457 | K128: 0.0025462963 | L128: =J128/H128 -> 4.2447619 | M128: 0.38 | N128: 4 | O128: 375 | P128: 5 | Q128: =(G128/E128)*100 -> 45.803698 | R128: =O128/E128 -> 0.53342817 | S128: =O128/H128 -> 0.35714286 | T128: =O128/N128 -> 93.75 | U128: =1/M128 -> 2.6315789
A129: l.M | B129: 2020 | C129: =DATE(B129,D129,1) -> 43952 | D129: 5 | E129: 803 | F129: 364 | G129: =E129-F129 -> 439 | H129: 1045 | I129: 0.2469 | J129: 6864 | K129: 0.0032060185 | L129: =J129/H129 -> 6.5684211 | M129: 1.15 | N129: 12 | O129: 1717 | P129: 20 | Q129: =(G129/E129)*100 -> 54.669988 | R129: =O129/E129 -> 2.1382316 | S129: =O129/H129 -> 1.6430622 | T129: =O129/N129 -> 143.08333 | U129: =1/M129 -> 0.86956522
A130: l.K | B130: 2020 | C130: =DATE(B130,D130,1) -> 43952 | D130: 5 | E130: 927 | F130: 768 | G130: =E130-F130 -> 159 | H130: 1043 | I130: 0.1496 | J130: 7017 | K130: 0.002650463 | L130: =J130/H130 -> 6.7277085 | M130: 0.77 | N130: 8 | O130: 1661 | P130: 24 | Q130: =(G130/E130)*100 -> 17.152104 | R130: =O130/E130 -> 1.7918015 | S130: =O130/H130 -> 1.5925216 | T130: =O130/N130 -> 207.625 | U130: =1/M130 -> 1.2987013
A131: K | B131: 2020 | C131: =DATE(B131,D131,1) -> 43983 | D131: 6 | E131: 916 | F131: 736 | G131: =E131-F131 -> 180 | H131: 1033 | I131: 0.2188 | J131: 5691 | K131: 0.0021990741 | L131: =J131/H131 -> 5.5091965 | M131: 0.97 | N131: 10 | O131: 1176 | P131: 13 | Q131: =(G131/E131)*100 -> 19.650655 | R131: =O131/E131 -> 1.2838428 | S131: =O131/H131 -> 1.1384318 | T131: =O131/N131 -> 117.6 | U131: =1/M131 -> 1.0309278
A132: l.M | B132: 2019 | C132: =DATE(B132,D132,1) -> 43709 | D132: 9 | E132: 691 | F132: 365 | G132: =E132-F132 -> 326 | H132: 1020 | I132: 0.4696 | J132: 4222 | K132: 0.0016666667 | L132: =J132/H132 -> 4.1392157 | M132: 0.2 | N132: 2 | O132: 370 | P132: 2 | Q132: =(G132/E132)*100 -> 47.178003 | R132: =O132/E132 -> 0.53545586 | S132: =O132/H132 -> 0.3627451 | T132: =O132/N132 -> 185 | U132: =1/M132 -> 5
A133: V | B133: 2020 | C133: =DATE(B133,D133,1) -> 43831 | D133: 1 | E133: 903 | F133: 887 | G133: =E133-F133 -> 16 | H133: 956 | I133: 0.546 | J133: 2652 | K133: 0.00077546296 | L133: =J133/H133 -> 2.7740586 | M133: 0 | N133: 0 | O133: 0 | P133: 0 | Q133: =(G133/E133)*100 -> 1.7718715 | R133: =O133/E133 -> 0 | S133: =O133/H133 -> 0 | T133: =O133/N133 -> #DIV/0! | U133: =1/M133 -> #DIV/0! | V133: =SUMIF(B133:B378,2019,F133:F378) -> 8673 | W133: =AVERAGEIF($B$2:$B$247,2019,$M$2:$M$247) -> 2.9876404
A134: U | B134: 2020 | C134: =DATE(B134,D134,1) -> 43922 | D134: 4 | E134: 370 | F134: 178 | G134: =E134-F134 -> 192 | H134: 947 | I134: 0.3369 | J134: 2062 | K134: 0.0022337963 | L134: =J134/H134 -> 2.1774023 | M134: 26.61 | N134: 252 | O134: 47532 | P134: 488 | Q134: =(G134/E134)*100 -> 51.891892 | R134: =O134/E134 -> 128.46486 | S134: =O134/H134 -> 50.192186 | T134: =O134/N134 -> 188.61905 | U134: =1/M134 -> 0.037579857
A135: Y | B135: 2020 | C135: =DATE(B135,D135,1) -> 43952 | D135: 5 | E135: 913 | F135: 864 | G135: =E135-F135 -> 49 | H135: 943 | I135: 0.6161 | J135: 2576 | K135: 0.0011111111 | L135: =J135/H135 -> 2.7317073 | M135: 0 | N135: 0 | O135: 0 | P135: 0 | Q135: =(G135/E135)*100 -> 5.3669222 | R135: =O135/E135 -> 0 | S135: =O135/H135 -> 0 | T135: =O135/N135 -> #DIV/0! | U135: =1/M135 -> #DIV/0! | V135: =SUMIF(B135:B380,2019,F135:F380) -> 8673 | W135: =AVERAGEIF($B$2:$B$247,2019,$M$2:$M$247) -> 2.9876404
A136: M | B136: 2020 | C136: =DATE(B136,D136,1) -> 44044 | D136: 8 | E136: 807 | F136: 593 | G136: =E136-F136 -> 214 | H136: 940 | I136: 0.5723 | J136: 4219 | K136: 0.0018865741 | L136: =J136/H136 -> 4.4882979 | M136: 3.83 | N136: 36 | O136: 5164 | P136: 76 | Q136: =(G136/E136)*100 -> 26.517968 | R136: =O136/E136 -> 6.3990087 | S136: =O136/H136 -> 5.493617 | T136: =O136/N136 -> 143.44444 | U136: =1/M136 -> 0.26109661
A137: l.K | B137: 2020 | C137: =DATE(B137,D137,1) -> 43922 | D137: 4 | E137: 827 | F137: 644 | G137: =E137-F137 -> 183 | H137: 888 | I137: 0.1419 | J137: 5689 | K137: 0.0025578704 | L137: =J137/H137 -> 6.4065315 | M137: 0.68 | N137: 6 | O137: 972 | P137: 12 | Q137: =(G137/E137)*100 -> 22.128174 | R137: =O137/E137 -> 1.1753325 | S137: =O137/H137 -> 1.0945946 | T137: =O137/N137 -> 162 | U137: =1/M137 -> 1.4705882
A138: U | B138: 2020 | C138: =DATE(B138,D138,1) -> 44013 | D138: 7 | E138: 349 | F138: 151 | G138: =E138-F138 -> 198 | H138: 882 | I138: 0.4909 | J138: 1687 | K138: 0.0015046296 | L138: =J138/H138 -> 1.9126984 | M138: 17.57 | N138: 155 | O138: 31855 | P138: 361 | Q138: =(G138/E138)*100 -> 56.733524 | R138: =O138/E138 -> 91.275072 | S138: =O138/H138 -> 36.11678 | T138: =O138/N138 -> 205.51613 | U138: =1/M138 -> 0.056915196
A139: S | B139: 2020 | C139: =DATE(B139,D139,1) -> 44013 | D139: 7 | E139: 582 | F139: 362 | G139: =E139-F139 -> 220 | H139: 864 | I139: 0.1146 | J139: 2702 | K139: 0.0031481481 | L139: =J139/H139 -> 3.1273148 | M139: 40.05 | N139: 346 | O139: 63057 | P139: 829 | Q139: =(G139/E139)*100 -> 37.800687 | R139: =O139/E139 -> 108.34536 | S139: =O139/H139 -> 72.982639 | T139: =O139/N139 -> 182.24566 | U139: =1/M139 -> 0.024968789
A140: l.M | B140: 2019 | C140: =DATE(B140,D140,1) -> 43770 | D140: 11 | E140: 633 | F140: 298 | G140: =E140-F140 -> 335 | H140: 861 | I140: 0.4251 | J140: 3634 | K140: 0.0018402778 | L140: =J140/H140 -> 4.2206736 | M140: 0.23 | N140: 2 | O140: 623 | P140: 2 | Q140: =(G140/E140)*100 -> 52.922591 | R140: =O140/E140 -> 0.98420221 | S140: =O140/H140 -> 0.72357724 | T140: =O140/N140 -> 311.5 | U140: =1/M140 -> 4.3478261
A141: S | B141: 2019 | C141: =DATE(B141,D141,1) -> 43770 | D141: 11 | E141: 453 | F141: 366 | G141: =E141-F141 -> 87 | H141: 819 | I141: 0.1294 | J141: 4360 | K141: 0.0033680556 | L141: =J141/H141 -> 5.3235653 | M141: 31.38 | N141: 257 | O141: 66600 | P141: 397 | Q141: =(G141/E141)*100 -> 19.205298 | R141: =O141/E141 -> 147.01987 | S141: =O141/H141 -> 81.318681 | T141: =O141/N141 -> 259.14397 | U141: =1/M141 -> 0.031867431
A142: Z | B142: 2019 | C142: =DATE(B142,D142,1) -> 43770 | D142: 11 | E142: 617 | F142: 533 | G142: =E142-F142 -> 84 | H142: 802 | I142: 0.4314 | J142: 4003 | K142: 0.002337963 | L142: =J142/H142 -> 4.9912718 | M142: 0 | N142: 0 | O142: 0 | P142: 0 | Q142: =(G142/E142)*100 -> 13.614263 | R142: =O142/E142 -> 0 | S142: =O142/H142 -> 0 | T142: =O142/N142 -> #DIV/0! | U142: =1/M142 -> #DIV/0! | V142: =SUMIF(B142:B387,2019,F142:F387) -> 8009 | W142: =AVERAGEIF($B$2:$B$247,2019,$M$2:$M$247) -> 2.9876404
A143: S | B143: 2020 | C143: =DATE(B143,D143,1) -> 43862 | D143: 2 | E143: 410 | F143: 230 | G143: =E143-F143 -> 180 | H143: 786 | I143: 0.3333 | J143: 1642 | K143: 0.0020833333 | L143: =J143/H143 -> 2.0890585 | M143: 26.72 | N143: 210 | O143: 38728 | P143: 329 | Q143: =(G143/E143)*100 -> 43.902439 | R143: =O143/E143 -> 94.458537 | S143: =O143/H143 -> 49.272265 | T143: =O143/N143 -> 184.41905 | U143: =1/M143 -> 0.03742515
A144: AA | B144: 2019 | C144: =DATE(B144,D144,1) -> 43709 | D144: 9 | E144: 743 | F144: 710 | G144: =E144-F144 -> 33 | H144: 771 | I144: 0.6329 | J144: 1581 | K144: 0.0026851852 | L144: =J144/H144 -> 2.0505837 | M144: 0 | N144: 0 | O144: 0 | P144: 0 | Q144: =(G144/E144)*100 -> 4.4414536 | R144: =O144/E144 -> 0 | S144: =O144/H144 -> 0 | T144: =O144/N144 -> #DIV/0! | U144: =1/M144 -> #DIV/0! | V144: =SUMIF(B144:B389,2019,F144:F389) -> 7476 | W144: =AVERAGEIF($B$2:$B$247,2019,$M$2:$M$247) -> 2.9876404
A145: C | B145: 2019 | C145: =DATE(B145,D145,1) -> 43739 | D145: 10 | E145: 680 | F145: 442 | G145: =E145-F145 -> 238 | H145: 748 | I145: 0.1965 | J145: 3300 | K145: 0.0016435185 | L145: =J145/H145 -> 4.4117647 | M145: 0.53 | N145: 4 | O145: 880 | P145: 4 | Q145: =(G145/E145)*100 -> 35 | R145: =O145/E145 -> 1.2941176 | S145: =O145/H145 -> 1.1764706 | T145: =O145/N145 -> 220 | U145: =1/M145 -> 1.8867925
A146: Z | B146: 2020 | C146: =DATE(B146,D146,1) -> 43952 | D146: 5 | E146: 616 | F146: 555 | G146: =E146-F146 -> 61 | H146: 743 | I146: 0.4724 | J146: 3958 | K146: 0.0029050926 | L146: =J146/H146 -> 5.3270525 | M146: 0.81 | N146: 6 | O146: 897 | P146: 10 | Q146: =(G146/E146)*100 -> 9.9025974 | R146: =O146/E146 -> 1.4561688 | S146: =O146/H146 -> 1.2072678 | T146: =O146/N146 -> 149.5 | U146: =1/M146 -> 1.2345679
A147: I | B147: 2020 | C147: =DATE(B147,D147,1) -> 43831 | D147: 1 | E147: 663 | F147: 433 | G147: =E147-F147 -> 230 | H147: 739 | I147: 0.4641 | J147: 4424 | K147: 0.0022222222 | L147: =J147/H147 -> 5.9864682 | M147: 0.54 | N147: 4 | O147: 773 | P147: 4 | Q147: =(G147/E147)*100 -> 34.690799 | R147: =O147/E147 -> 1.1659125 | S147: =O147/H147 -> 1.0460081 | T147: =O147/N147 -> 193.25 | U147: =1/M147 -> 1.8518519
A148: BB | B148: 2019 | C148: =DATE(B148,D148,1) -> 43709 | D148: 9 | E148: 255 | F148: 2 | G148: =E148-F148 -> 253 | H148: 733 | I148: 0.8063 | J148: 1376 | K148: 0.00078703704 | L148: =J148/H148 -> 1.8772169 | M148: 0.14 | N148: 1 | O148: 103 | P148: 1 | Q148: =(G148/E148)*100 -> 99.215686 | R148: =O148/E148 -> 0.40392157 | S148: =O148/H148 -> 0.14051842 | T148: =O148/N148 -> 103 | U148: =1/M148 -> 7.1428571
A149: l.K | B149: 2019 | C149: =DATE(B149,D149,1) -> 43800 | D149: 12 | E149: 618 | F149: 523 | G149: =E149-F149 -> 95 | H149: 680 | I149: 0.1338 | J149: 4625 | K149: 0.0023958333 | L149: =J149/H149 -> 6.8014706 | M149: 0.29 | N149: 2 | O149: 363 | P149: 4 | Q149: =(G149/E149)*100 -> 15.372168 | R149: =O149/E149 -> 0.58737864 | S149: =O149/H149 -> 0.53382353 | T149: =O149/N149 -> 181.5 | U149: =1/M149 -> 3.4482759
A150: l.M | B150: 2020 | C150: =DATE(B150,D150,1) -> 43922 | D150: 4 | E150: 547 | F150: 277 | G150: =E150-F150 -> 270 | H150: 666 | I150: 0.1051 | J150: 5878 | K150: 0.0040393519 | L150: =J150/H150 -> 8.8258258 | M150: 0.75 | N150: 5 | O150: 541 | P150: 8 | Q150: =(G150/E150)*100 -> 49.360146 | R150: =O150/E150 -> 0.98903108 | S150: =O150/H150 -> 0.81231231 | T150: =O150/N150 -> 108.2 | U150: =1/M150 -> 1.3333333
A151: S | B151: 2020 | C151: =DATE(B151,D151,1) -> 43831 | D151: 1 | E151: 336 | F151: 213 | G151: =E151-F151 -> 123 | H151: 658 | I151: 0.2508 | J151: 1539 | K151: 0.0026736111 | L151: =J151/H151 -> 2.3389058 | M151: 26.6 | N151: 175 | O151: 44790 | P151: 259 | Q151: =(G151/E151)*100 -> 36.607143 | R151: =O151/E151 -> 133.30357 | S151: =O151/H151 -> 68.069909 | T151: =O151/N151 -> 255.94286 | U151: =1/M151 -> 0.037593985
A152: K | B152: 2020 | C152: =DATE(B152,D152,1) -> 44013 | D152: 7 | E152: 580 | F152: 497 | G152: =E152-F152 -> 83 | H152: 650 | I152: 0.1892 | J152: 3616 | K152: 0.0024421296 | L152: =J152/H152 -> 5.5630769 | M152: 0.46 | N152: 3 | O152: 217 | P152: 6 | Q152: =(G152/E152)*100 -> 14.310345 | R152: =O152/E152 -> 0.37413793 | S152: =O152/H152 -> 0.33384615 | T152: =O152/N152 -> 72.333333 | U152: =1/M152 -> 2.173913
A153: K | B153: 2020 | C153: =DATE(B153,D153,1) -> 44044 | D153: 8 | E153: 575 | F153: 502 | G153: =E153-F153 -> 73 | H153: 648 | I153: 0.1806 | J153: 3667 | K153: 0.0022916667 | L153: =J153/H153 -> 5.6589506 | M153: 0.31 | N153: 2 | O153: 238 | P153: 4 | Q153: =(G153/E153)*100 -> 12.695652 | R153: =O153/E153 -> 0.41391304 | S153: =O153/H153 -> 0.36728395 | T153: =O153/N153 -> 119 | U153: =1/M153 -> 3.2258065
A154: I | B154: 2020 | C154: =DATE(B154,D154,1) -> 43862 | D154: 2 | E154: 518 | F154: 251 | G154: =E154-F154 -> 267 | H154: 646 | I154: 0.2833 | J154: 4553 | K154: 0.0029282407 | L154: =J154/H154 -> 7.0479876 | M154: 2.48 | N154: 16 | O154: 2079 | P154: 18 | Q154: =(G154/E154)*100 -> 51.544402 | R154: =O154/E154 -> 4.0135135 | S154: =O154/H154 -> 3.2182663 | T154: =O154/N154 -> 129.9375 | U154: =1/M154 -> 0.40322581
A155: M | B155: 2020 | C155: =DATE(B155,D155,1) -> 43922 | D155: 4 | E155: 615 | F155: 558 | G155: =E155-F155 -> 57 | H155: 644 | I155: 0.8463 | J155: 1397 | K155: 0.00079861111 | L155: =J155/H155 -> 2.1692547 | M155: 0.78 | N155: 5 | O155: 792 | P155: 17 | Q155: =(G155/E155)*100 -> 9.2682927 | R155: =O155/E155 -> 1.2878049 | S155: =O155/H155 -> 1.2298137 | T155: =O155/N155 -> 158.4 | U155: =1/M155 -> 1.2820513
A156: CC | B156: 2020 | C156: =DATE(B156,D156,1) -> 43952 | D156: 5 | E156: 565 | F156: 402 | G156: =E156-F156 -> 163 | H156: 637 | I156: 0.3956 | J156: 3109 | K156: 0.0023726852 | L156: =J156/H156 -> 4.8806907 | M156: 5.81 | N156: 37 | O156: 9673 | P156: 87 | Q156: =(G156/E156)*100 -> 28.849558 | R156: =O156/E156 -> 17.120354 | S156: =O156/H156 -> 15.185243 | T156: =O156/N156 -> 261.43243 | U156: =1/M156 -> 0.17211704
... A160: Z | B160: 2020 | C160: =DATE(B160,D160,1) -> 43983 | D160: 6 | E160: 488 | F160: 433 | G160: =E160-F160 -> 55 | H160: 596 | I160: 0.4849 | J160: 2108 | K160: 0.0020833333 | L160: =J160/H160 -> 3.5369128 | M160: 0.67 | N160: 4 | O160: 586 | P160: 5 | Q160: =(G160/E160)*100 -> 11.270492 | R160: =O160/E160 -> 1.2008197 | S160: =O160/H160 -> 0.98322148 | T160: =O160/N160 -> 146.5 | U160: =1/M160 -> 1.4925373
A161: Z | B161: 2020 | C161: =DATE(B161,D161,1) -> 43831 | D161: 1 | E161: 475 | F161: 416 | G161: =E161-F161 -> 59 | H161: 573 | I161: 0.4921 | J161: 2300 | K161: 0.0021296296 | L161: =J161/H161 -> 4.0139616 | M161: 0 | N161: 0 | O161: 0 | P161: 0 | Q161: =(G161/E161)*100 -> 12.421053 | R161: =O161/E161 -> 0 | S161: =O161/H161 -> 0 | T161: =O161/N161 -> #DIV/0! | U161: =1/M161 -> #DIV/0! | V161: =SUMIF(B161:B406,2019,F161:F406) -> 5298 | W161: =AVERAGEIF($B$2:$B$247,2019,$M$2:$M$247) -> 2.9876404
A162: K | B162: 2020 | C162: =DATE(B162,D162,1) -> 43952 | D162: 5 | E162: 486 | F162: 344 | G162: =E162-F162 -> 142 | H162: 569 | I162: 0.3427 | J162: 2628 | K162: 0.0016550926 | L162: =J162/H162 -> 4.6186292 | M162: 0.53 | N162: 3 | O162: 378 | P162: 6 | Q162: =(G162/E162)*100 -> 29.218107 | R162: =O162/E162 -> 0.77777778 | S162: =O162/H162 -> 0.66432337 | T162: =O162/N162 -> 126 | U162: =1/M162 -> 1.8867925
A163: Z | B163: 2020 | C163: =DATE(B163,D163,1) -> 43922 | D163: 4 | E163: 428 | F163: 385 | G163: =E163-F163 -> 43 | H163: 564 | I163: 0.5106 | J163: 2263 | K163: 0.002025463 | L163: =J163/H163 -> 4.0124113 | M163: 0.35 | N163: 2 | O163: 266 | P163: 2 | Q163: =(G163/E163)*100 -> 10.046729 | R163: =O163/E163 -> 0.62149533 | S163: =O163/H163 -> 0.47163121 | T163: =O163/N163 -> 133 | U163: =1/M163 -> 2.8571429
A164: Z | B164: 2020 | C164: =DATE(B164,D164,1) -> 43862 | D164: 2 | E164: 453 | F164: 404 | G164: =E164-F164 -> 49 | H164: 562 | I164: 0.5071 | J164: 2264 | K164: 0.0019675926 | L164: =J164/H164 -> 4.0284698 | M164: 0.71 | N164: 4 | O164: 886 | P164: 4 | Q164: =(G164/E164)*100 -> 10.816777 | R164: =O164/E164 -> 1.9558499 | S164: =O164/H164 -> 1.5765125 | T164: =O164/N164 -> 221.5 | U164: =1/M164 -> 1.4084507
A165: Z | B165: 2019 | C165: =DATE(B165,D165,1) -> 43739 | D165: 10 | E165: 464 | F165: 382 | G165: =E165-F165 -> 82 | H165: 560 | I165: 0.3125 | J165: 2602 | K165: 0.0020486111 | L165: =J165/H165 -> 4.6464286 | M165: 0.36 | N165: 2 | O165: 367 | P165: 3 | Q165: =(G165/E165)*100 -> 17.672414 | R165: =O165/E165 -> 0.79094828 | S165: =O165/H165 -> 0.65535714 | T165: =O165/N165 -> 183.5 | U165: =1/M165 -> 2.7777778
A166: Z | B166: 2019 | C166: =DATE(B166,D166,1) -> 43800 | D166: 12 | E166: 448 | F166: 375 | G166: =E166-F166 -> 73 | H166: 554 | I166: 0.4332 | J166: 3014 | K166: 0.002650463 | L166: =J166/H166 -> 5.4404332 | M166: 0.72 | N166: 4 | O166: 318 | P166: 5 | Q166: =(G166/E166)*100 -> 16.294643 | R166: =O166/E166 -> 0.70982143 | S166: =O166/H166 -> 0.57400722 | T166: =O166/N166 -> 79.5 | U166: =1/M166 -> 1.3888889
...

Sheet Pivot Table
G1: KPI | M1: 1049791 | N1: 4659 | O1: 970399
M2: 1669520 | N2: 16602 | O2: 2722505
A3: Year | B3: Sum of Users | D3: Year | E3: Sum of Users | M3: 2719311 | N3: 21261 | O3: 3692904
A4: 2019 | B4: 1049791 | D4: Jan | E4: 225887
A5: 2020 | B5: 1669520 | D5: Feb | E5: 208961 | G5: Source | H5: Sum of Pageviews
D6: Mar | E6: 179824 | G6: A | H6: 4246914
D7: Apr | E7: 193983 | G7: B | H7: 2640848
D8: May | E8: 314610 | G8: C | H8: 1138068 | J8: Year | K8: Sum of Users | L8: Sum of Transactions
D9: Jun | E9: 228555 | G9: D | H9: 5161 | J9: 2019 | K9: 1049791 | L9: 4659 | V9: Month | W9: =T10 -> Average of Revenue Per Session | Z9: =U10 -> 0 | AA9: =V10 -> Jan
D10: Jul | E10: 198341 | G10: E | H10: 901834 | J10: 2020 | K10: 1669520 | L10: 16602 | N10: Year | O10: Sum of Revenue | Q10: Source | R10: Average of Bounce Rate | S10: Average of Conversion Rate (%) | T10: Average of Revenue Per Session | V10: =Q11 -> Jan | W10: =T11 -> 8.1062085
D11: Aug | E11: 119359 | G11: F | H11: 504529 | J11: Grand Total | K11: 2719311 | L11: 21261 | N11: 2019 | Q11: Jan | R11: 0.5381 | S11: 3.0704545 | T11: 8.1062085 | V11: =Q12 -> Feb | W11: =T12 -> 6.9211405
D12: Sep | E12: 217509 | G12: G | H12: 253387 | N12: Sep | O12: 155796 | Q12: Feb | R12: 0.512935 | S12: 3.4805 | T12: 6.9211405 | V12: =Q13 -> Mar | W12: =T13 -> 6.1898516
D13: Oct | E13: 280312 | G13: H | H13: 236384 | N13: Oct | O13: 283905 | Q13: Mar | R13: 0.53354444 | S13: 3.5933333 | T13: 6.1898516 | V13: =Q14 -> Apr | W13: =T14 -> 6.4131779
D14: Nov | E14: 288385 | G14: I | H14: 275471 | J14: Year | K14: Sum of Users | L14: Sum of Revenue | N14: Nov | O14: 270010 | Q14: Apr | R14: 0.54559524 | S14: 3.7185714 | T14: 6.4131779 | V14: =Q15 -> May | W14: =T15 -> 4.7547896
D15: Dec | E15: 263585 | G15: J | H15: 29756 | J15: 2019 | K15: 1049791 | L15: 970399 | N15: Dec | O15: 260688 | Q15: May | R15: 0.48411429 | S15: 2.6810714 | T15: 4.7547896 | V15: =Q16 -> Jun | W15: =T16 -> 7.952433
G16: K | H16: 100691 | J16: 2020 | K16: 1669520 | L16: 2722505 | N16: 2020 | Q16: Jun | R16: 0.50171176 | S16: 4.2829412 | T16: 7.952433 | V16: =Q17 -> Jul | W16: =T17 -> 8.841459
G17: L | H17: 48695 | J17: Grand Total | K17: 2719311 | L17: 3692904 | N17: Jan | O17: 307336 | Q17: Jul | R17: 0.52184667 | S17: 4.8833333 | T17: 8.841459 | V17: =Q18 -> Aug | W17: =T18 -> 1.5785186
G18: M | H18: 84781 | N18: Feb | O18: 323540 | Q18: Aug | R18: 0.51984706 | S18: 1.0311765 | T18: 1.5785186 | V18: =Q19 -> Sep | W18: =T19 -> 5.6996407
G19: N | H19: 11048 | N19: Mar | O19: 277426 | Q19: Sep | R19: 0.50873636 | S19: 2.8754545 | T19: 5.6996407 | V19: =Q20 -> Oct | W19: =T20 -> 8.4736341
G20: O | H20: 24051 | N20: Apr | O20: 373345 | Q20: Oct | R20: 0.29653913 | S20: 3.5221739 | T20: 8.4736341 | V20: =Q21 -> Nov | W20: =T21 -> 7.0658579
G21: P | H21: 57375 | N21: May | O21: 589545 | Q21: Nov | R21: 0.46848636 | S21: 2.6613636 | T21: 7.0658579 | V21: =Q22 -> Dec | W21: =T22 -> 5.7635374
G22: R | H22: 75710 | J22: YOY Metrics | N22: Jun | O22: 469360 | Q22: Dec | R22: 0.47541818 | S22: 2.8672727 | T22: 5.7635374
G23: S | H23: 37578 | N23: Jul | O23: 266165
G24: T | H24: 29809 | J24: Users Growth | L24: =((M2-M1)/M3) -> 0.22789927 | N24: Aug | O24: 115788
G25: U | H25: 13857
G26: V | H26: 6931 | J26: Revenue YOY | L26: =((O2-O1)/O3) -> 0.47445208
G27: Y | H27: 2576
G28: Z | H28: 28758 | J28: Tranasactions YOY | L28: =((N2-N1)/N3) -> 0.56173275
J30: Conversion rate | L30: =((GETPIVOTDATA("[Measures].[Sum of Average Conversion Rate in 2020]",$M$32)-GETPIVOTDATA("[Measures].[Sum of Average Conversion rate 2019]",$O$32))/GETPIVOTDATA("[Measures].[Max of Conversion Rate (%)]",$N$36))*100 -> 0.74971618
M32: Sum of Average Conversion Rate in 2020 | O32: Sum of Average Conversion rate 2019
M33: 3.303121 | O33: 2.9876404
D35: Source | E35: Sum of Bounce Rate | F35: Sum of Conversion Rate (%) | H35: Month | I35: =E35 -> Sum of Bounce Rate | J35: =F35 -> Sum of Conversion Rate (%)
D36: Jan | E36: 11.8382 | F36: 67.55 | H36: =D36 -> Jan | I36: =E36 -> 11.8382 | J36: =F36 -> 67.55 | N36: Max of Conversion Rate (%)
D37: Feb | E37: 10.2587 | F37: 69.61 | H37: =D37 -> Feb | I37: =E37 -> 10.2587 | J37: =F37 -> 69.61 | N37: 42.08
D38: Mar | E38: 9.6038 | F38: 64.68 | H38: =D38 -> Mar | I38: =E38 -> 9.6038 | J38: =F38 -> 64.68
D39: Apr | E39: 11.4575 | F39: 78.09 | H39: =D39 -> Apr | I39: =E39 -> 11.4575 | J39: =F39 -> 78.09
D40: May | E40: 13.5552 | F40: 75.07 | H40: =D40 -> May | I40: =E40 -> 13.5552 | J40: =F40 -> 75.07
D41: Jun | E41: 8.5291 | F41: 72.81 | H41: =D41 -> Jun | I41: =E41 -> 8.5291 | J41: =F41 -> 72.81
D42: Jul | E42: 7.8277 | F42: 73.25 | H42: =D42 -> Jul | I42: =E42 -> 7.8277 | J42: =F42 -> 73.25
D43: Aug | E43: 8.8374 | F43: 17.53 | H43: =D43 -> Aug | I43: =E43 -> 8.8374 | J43: =F43 -> 17.53 | M43: Source | N43: Average of Pageviews | P43: Source | Q43: Sum of Revenue | R43: Sum of Quantity Sold | T43: Month | U43: =Q43 -> Sum of Revenue | V43: =R43 -> Sum of Quantity Sold
D44: Sep | E44: 11.1922 | F44: 63.26 | H44: =D44 -> Sep | I44: =E44 -> 11.1922 | J44: =F44 -> 63.26 | M44: Jan | N44: 41584.091 | P44: Jan | Q44: 307336 | R44: 1964 | T44: =P44 -> Jan | U44: =Q44 -> 307336 | V44: =R44 -> 1964
D45: Oct | E45: 6.8204 | F45: 81.01 | H45: =D45 -> Oct | I45: =E45 -> 6.8204 | J45: =F45 -> 81.01 | M45: Feb | N45: 41046.55 | P45: Feb | Q45: 323540 | R45: 2670 | T45: =P45 -> Feb | U45: =Q45 -> 323540 | V45: =R45 -> 2670
D46: Nov | E46: 10.3067 | F46: 58.55 | H46: =D46 -> Nov | I46: =E46 -> 10.3067 | J46: =F46 -> 58.55 | M46: Mar | N46: 39949.389 | P46: Mar | Q46: 277426 | R46: 2960 | T46: =P46 -> Mar | U46: =Q46 -> 277426 | V46: =R46 -> 2960
D47: Dec | E47: 10.4592 | F47: 63.08 | H47: =D47 -> Dec | I47: =E47 -> 10.4592 | J47: =F47 -> 63.08 | M47: Apr | N47: 41612.81 | P47: Apr | Q47: 373345 | R47: 4696 | T47: =P47 -> Apr | U47: =Q47 -> 373345 | V47: =R47 -> 4696
D48: Grand Total | E48: 120.6861 | F48: 784.49 | M48: May | N48: 50323.679 | P48: May | Q48: 589545 | R48: 7594 | T48: =P48 -> May | U48: =Q48 -> 589545 | V48: =R48 -> 7594
M49: Jun | N49: 56374 | P49: Jun | Q49: 469360 | R49: 5999 | T49: =P49 -> Jun | U49: =Q49 -> 469360 | V49: =R49 -> 5999
M50: Jul | N50: 42680 | P50: Jul | Q50: 266165 | R50: 3530 | T50: =P50 -> Jul | U50: =Q50 -> 266165 | V50: =R50 -> 3530
M51: Aug | N51: 25214.059 | P51: Aug | Q51: 115788 | R51: 1454 | T51: =P51 -> Aug | U51: =Q51 -> 115788 | V51: =R51 -> 1454
M52: Sep | N52: 39154.409 | P52: Sep | Q52: 155796 | R52: 1289 | T52: =P52 -> Sep | U52: =Q52 -> 155796 | V52: =R52 -> 1289
M53: Oct | N53: 45035.261 | P53: Oct | Q53: 283905 | R53: 2007 | T53: =P53 -> Oct | U53: =Q53 -> 283905 | V53: =R53 -> 2007
M54: Nov | N54: 53141.864 | P54: Nov | Q54: 270010 | R54: 1679 | T54: =P54 -> Nov | U54: =Q54 -> 270010 | V54: =R54 -> 1679
M55: Dec | N55: 47486.773 | P55: Dec | Q55: 260688 | R55: 1682 | T55: =P55 -> Dec | U55: =Q55 -> 260688 | V55: =R55 -> 1682
P58: Month | Q58: =Q43 -> Sum of Revenue
F59: Source | G59: Sum of Transactions | I59: Source | J59: Sum of User Retention Rate % | M59: Month | N59: =N43 -> Average of Pageviews | P59: =P44 -> Jan | Q59: =Q44 -> 307336
F60: Qtr1 | G60: 4778 | I60: Qtr1 | J60: 0.24021771 | M60: =M44 -> Jan | N60: =N44 -> 41584.091 | P60: =P45 -> Feb | Q60: =Q45 -> 323540
F61: Qtr2 | G61: 9298 | I61: Qtr2 | J61: 0.25026148 | M61: =M45 -> Feb | N61: =N45 -> 41046.55 | P61: =P46 -> Mar | Q61: =Q46 -> 277426
F62: Qtr3 | G62: 3403 | I62: Qtr3 | J62: 0.23140544 | M62: =M46 -> Mar | N62: =N46 -> 39949.389 | P62: =P47 -> Apr | Q62: =Q47 -> 373345
F63: Qtr4 | G63: 3782 | I63: Qtr4 | J63: 0.27811537 | M63: =M47 -> Apr | N63: =N47 -> 41612.81 | P63: =P48 -> May | Q63: =Q48 -> 589545
M64: =M48 -> May | N64: =N48 -> 50323.679 | P64: =P49 -> Jun | Q64: =Q49 -> 469360
M65: =M49 -> Jun | N65: =N49 -> 56374 | P65: =P50 -> Jul | Q65: =Q50 -> 266165
M66: =M50 -> Jul | N66: =N50 -> 42680 | P66: =P51 -> Aug | Q66: =Q51 -> 115788
M67: =M51 -> Aug | N67: =N51 -> 25214.059 | P67: =P52 -> Sep | Q67: =Q52 -> 155796
M68: =M52 -> Sep | N68: =N52 -> 39154.409 | P68: =P53 -> Oct | Q68: =Q53 -> 283905
M69: =M53 -> Oct | N69: =N53 -> 45035.261 | P69: =P54 -> Nov | Q69: =Q54 -> 270010
E70: Source | F70: Sum of Users | H70: Source | M70: =M54 -> Nov | N70: =N54 -> 53141.864 | P70: =P55 -> Dec | Q70: =Q55 -> 260688
E71: Qtr1 | F71: 614672 | H71: Qtr1 | M71: =M55 -> Dec | N71: =N55 -> 47486.773
E72: Qtr2 | F72: 737148 | H72: Qtr2
E73: Qtr3 | F73: 535209 | H73: Qtr3
E74: Qtr4 | F74: 832282 | H74: Qtr4
R81: Max of Conversion Rate (%)
H82: Sum of Users | I82: Sum of Returning Users | J82: Sum of New Users | K82: Sum of Transactions | L82: Average of Revenue | M82: Average of Revenue Per User | N82: Average of Revenue Per Session | R82: 42.08
H83: 2719311 | I83: 635753 | J83: 2083558 | K83: 21261 | L83: 14951.028 | M83: 11.593514 | N83: 6.4500729
H85: =H82 -> Sum of Users | I85: =I82 -> Sum of Returning Users | J85: =J82 -> Sum of New Users | K85: =K82 -> Sum of Transactions | L85: =L82 -> Average of Revenue | M85: =M82 -> Average of Revenue Per User | N85: =N82 -> Average of Revenue Per Session
H86: =H83 -> 2719311 | I86: =I83 -> 635753 | J86: =J83 -> 2083558 | K86: =K83 -> 21261 | L86: =L83 -> 14951.028 | M86: =M83 -> 11.593514 | N86: =N83 -> 6.4500729
R88: Sum of Pageviews
R89: 10876037 | S89: =GETPIVOTDATA("[Measures].[Sum of Pageviews]",$R$88) -> 10876037 | T89: =GETPIVOTDATA("[Measures].[Sum of Pageviews]",$R$88) -> 10876037
R96: Source | S96: Sum of Transactions | T96: Sum of Revenue | U96: Sum of Pageviews | V96: Month | W96: =S96 -> Sum of Transactions | X96: =T96 -> Sum of Revenue | Y96: =U96 -> Sum of Pageviews
R97: Jan | S97: 1401 | T97: 307336 | U97: 914850 | V97: =R97 -> Jan | W97: =S97 -> 1401 | X97: =T97 -> 307336 | Y97: =U97 -> 914850
R98: Feb | S98: 1696 | T98: 323540 | U98: 820931 | V98: =R98 -> Feb | W98: =S98 -> 1696 | X98: =T98 -> 323540 | Y98: =U98 -> 820931
R99: Mar | S99: 1681 | T99: 277426 | U99: 719089 | V99: =R99 -> Mar | W99: =S99 -> 1681 | X99: =T99 -> 277426 | Y99: =U99 -> 719089
R100: Apr | S100: 2448 | T100: 373345 | U100: 873869 | V100: =R100 -> Apr | W100: =S100 -> 2448 | X100: =T100 -> 373345 | Y100: =U100 -> 873869
R101: May | S101: 3812 | T101: 589545 | U101: 1409063 | V101: =R101 -> May | W101: =S101 -> 3812 | X101: =T101 -> 589545 | Y101: =U101 -> 1409063
R102: Jun | S102: 3038 | T102: 469360 | U102: 958358 | V102: =R102 -> Jun | W102: =S102 -> 3038 | X102: =T102 -> 469360 | Y102: =U102 -> 958358
R103: Jul | S103: 1770 | T103: 266165 | U103: 640200 | V103: =R103 -> Jul | W103: =S103 -> 1770 | X103: =T103 -> 266165 | Y103: =U103 -> 640200
R104: Aug | S104: 756 | T104: 115788 | U104: 428639 | V104: =R104 -> Aug | W104: =S104 -> 756 | X104: =T104 -> 115788 | Y104: =U104 -> 428639
R105: Sep | S105: 877 | T105: 155796 | U105: 861397 | V105: =R105 -> Sep | W105: =S105 -> 877 | X105: =T105 -> 155796 | Y105: =U105 -> 861397
R106: Oct | S106: 1351 | T106: 283905 | U106: 1035811 | V106: =R106 -> Oct | W106: =S106 -> 1351 | X106: =T106 -> 283905 | Y106: =U106 -> 1035811
R107: Nov | S107: 1154 | T107: 270010 | U107: 1169121 | V107: =R107 -> Nov | W107: =S107 -> 1154 | X107: =T107 -> 270010 | Y107: =U107 -> 1169121
R108: Dec | S108: 1277 | T108: 260688 | U108: 1044709 | V108: =R108 -> Dec | W108: =S108 -> 1277 | X108: =T108 -> 260688 | Y108: =U108 -> 1044709

Sheet Dashboard
B2: ='Pivot Table'!H86 -> 2719311 | C2: ='Pivot Table'!I86 -> 635753 | D2: ='Pivot Table'!J86 -> 2083558 | E2: ='Pivot Table'!M86 -> 11.593514 | F2: ='Pivot Table'!L86 -> 14951.028 | G2: ='Pivot Table'!N86 -> 6.4500729 | H2: =GETPIVOTDATA("[Measures].[Max of Conversion Rate (%)]",'Pivot Table'!$R$81) -> 42.08
B4: Total Users | C4: Returning Users | D4: Total Transactions | E4: Avg. Revenue Per User | F4: Total Revenue | G4: Avg. Revenue Per Session | H4: Max Conversion Rate %
N7: %%%
M8: ='Pivot Table'!L28 -> 0.56173275
T18: =
